<?xml version="1.0" encoding="UTF-8"?>
<project-private xmlns="http://www.netbeans.org/ns/project-private/1">
    <editor-bookmarks xmlns="http://www.netbeans.org/ns/editor-bookmarks/2" lastBookmarkId="0"/>
    <open-files xmlns="http://www.netbeans.org/ns/projectui-open-files/2">
        <group>
            <file>file:/D:/S55063/Caller/web/index.jsp</file>
            <file>file:/D:/S55063/Caller/src/java/com/servlet/DelContactById.java</file>
            <file>file:/D:/S55063/Caller/src/java/com/servlet/GetContactData.java</file>
            <file>file:/D:/S55063/Caller/src/java/com/servlet/GetContactDataById.java</file>
            <file>file:/D:/S55063/Caller/src/java/com/servlet/UpdateContactById.java</file>
            <file>file:/D:/S55063/Caller/src/java/com/api/ConMan.java</file>
            <file>file:/D:/S55063/Caller/src/java/com/api/DBApi.java</file>
            <file>file:/D:/S55063/Caller/src/java/com/servlet/AddContact.java</file>
            <file>file:/D:/S55063/Caller/src/java/com/servlet/Login.java</file>
            <file>file:/D:/S55063/Caller/src/java/com/servlet/register2.java</file>
        </group>
    </open-files>
</project-private>
